{
	"name": "localScroll",
	"title": "Ariel Flesler's jQuery localScroll",
	"description": "Animated anchor navigation made easy.",
	"keywords": ["browser", "animated", "animation", "scrolling", "scroll", "links", "anchors"],
	"version": "1.3.5",
	"author": {
		"name": "Ariel Flesler",
		"email": "aflesler@gmail.com",
		"url": "http://flesler.blogspot.com"
	},
	"maintainers": [{
		"name": "Ariel Flesler",
		"email": "aflesler@gmail.com",
		"url": "http://flesler.blogspot.com"
	}],
	"licenses": [{
		"type": "MIT",
		"url": "https://github.com/flesler/jquery.localScroll/blob/master/LICENSE"
	}],
	"homepage": "https://github.com/flesler/jquery.localScroll",
	"docs": "http://flesler.blogspot.com/2007/10/jquerylocalscroll-10.html",
	"bugs": "https://github.com/flesler/jquery.localScroll/issues",
	"download": "https://github.com/flesler/jquery.localScroll/releases",
	"demo": "http://demos.flesler.com/jquery/localScroll",
	"dependencies": {
		"jquery": ">=1.8",
		"scrollTo": ">=1.4.11"
	}
}